{
  "bandwidth": 1192.169398504,
  "time-bandwidth": 2.1470970867057035,
  "@duration_us": 1801.0
}
